1111111,1,1,May12-2018
1111111,2,2,May12-2018
1111111,3,3,May12-2018
1111111,4,4,May12-2018
1111111,5,5,May12-2018
1111111,6,6,May12-2018
1111111,7,7,May12-2018
1111111,8,8,May12-2018
1111111,9,9,May12-2018
1111111,1,,May12-2018
1111111,2,,May12-2018
1111111,3,,May12-2018
1111111,4,,May12-2018
1111111,5,,May12-2018
1111111,6,,May12-2018
1111111,7,,May12-2018
1111111,8,,May12-2018
1111111,9,,May12-2018
1111111,1,a,May12-2018
1111111,2,b,May12-2018
1111111,3,c,May12-2018
1111111,4,d,May12-2018
1111111,5,e,May12-2018
1111111,6,f,May12-2018
1111111,7,g,May12-2018
1111111,8,h,May12-2018
1111111,9,i,May12-2018
1111111,1,a,May12-2018
1111111,2,b,May12-2018
1111111,3,c,May12-2018
1111111,4,d,May12-2018
1111111,5,e,May12-2018
1111111,6,f,May12-2018
1111111,7,g,May12-2018
1111111,8,h,May12-2018
1111111,9,i,May12-2018
1111111,1,a,May12-2018
1111111,2,b,May12-2018
1111111,3,c,May12-2018
1111111,4,d,May12-2018
1111111,5,e,May12-2018
1111111,6,f,May12-2018
1111111,7,g,May12-2018
1111111,8,h,May12-2018
1111111,9,i,May12-2018
1111111,1,a,May12-2018
1111111,2,b,May12-2018
1111111,3,c,May12-2018
1111111,4,d,May12-2018
1111111,5,e,May12-2018
1111111,6,f,May12-2018
1111111,7,g,May12-2018
1111111,8,h,May12-2018
1111111,9,i,May12-2018
1111111,1,a,May12-2018
1111111,2,b,May12-2018
1111111,3,c,May12-2018
1111111,4,d,May12-2018
1111111,5,e,May12-2018
1111111,6,f,May12-2018
1111111,7,g,May12-2018
1111111,8,h,May12-2018
1111111,9,i,May12-2018
